<?xml version="1.0" encoding="UTF-8"?>
<project-private xmlns="http://www.netbeans.org/ns/project-private/1">
    <editor-bookmarks xmlns="http://www.netbeans.org/ns/editor-bookmarks/2" lastBookmarkId="0"/>
    <open-files xmlns="http://www.netbeans.org/ns/projectui-open-files/2">
        <group>
            <file>file:/C:/Users/liw/OneDrive%20-%20CQUniversity/PRPD2023/2024/EBusinessCar/web/protected/CustomerList.xhtml</file>
            <file>file:/C:/Users/liw/OneDrive%20-%20CQUniversity/PRPD2023/2024/EBusinessCar/web/protected/CustomerSearchResult.xhtml</file>
            <file>file:/C:/Users/liw/OneDrive%20-%20CQUniversity/PRPD2023/2024/EBusinessCar/web/protected/MainPage.xhtml</file>
            <file>file:/C:/Users/liw/OneDrive%20-%20CQUniversity/PRPD2023/2024/EBusinessCar/src/java/faces/controllers/CustomerController.java</file>
            <file>file:/C:/Users/liw/OneDrive%20-%20CQUniversity/PRPD2023/2024/EBusinessCar/src/conf/persistence.xml</file>
        </group>
    </open-files>
</project-private>
